background-color: #b6b6b6;
opacity: 0.7;
background-image:  linear-gradient(#8f8f8f 2.8000000000000003px, transparent 2.8000000000000003px), linear-gradient(90deg, #8f8f8f 2.8000000000000003px, transparent 2.8000000000000003px), linear-gradient(#8f8f8f 1.4000000000000001px, transparent 1.4000000000000001px), linear-gradient(90deg, #8f8f8f 1.4000000000000001px, #b6b6b6 1.4000000000000001px);
background-size: 70px 70px, 70px 70px, 14px 14px, 14px 14px;
background-position: -2.8000000000000003px -2.8000000000000003px, -2.8000000000000003px -2.8000000000000003px, -1.4000000000000001px -1.4000000000000001px, -1.4000000000000001px -1.4000000000000001px;